Tool Type,Type 
ANALYSIS,Data Analysis
BEND.STRAIN.DA,Data Analysis
DEF.RADII.FILE,Data Analysis
DENT.STRAIN.DA,Data Analysis
ES.AIA.CRACK.DETAIL,Data Analysis
ES.AIA.CSCC,Data Analysis
ES.AIA.GWA.T2,Data Analysis
ES.AIA.PINHOLES,Data Analysis
ES.FIA.GROWTHONLY,Data Analysis
ES.IIA.DENT.FEA,Data Analysis
ES.IIA.FFS,Data Analysis
EXPEDITED.REPORT.MDS,Data Analysis
EXPEDITED.REPORTEMAT,Data Analysis
EXPEDITED.REPORTFLEX,Data Analysis
EXPEDITED.REPORTS,Data Analysis
GPS TRACK,Data Analysis
HARDSPOT.ANALYSIS,Data Analysis
IE.CM,Integrity Engineering
IE.DENT,Integrity Engineering
IE.DM,Integrity Engineering
IE.FIA,Integrity Engineering
IE.IIA,Integrity Engineering
IE.IMS,Integrity Engineering
IE.LM,Integrity Engineering
IE.PPDA,Integrity Engineering
IE.RA,Integrity Engineering
IES.ADV.FEA,Integrity Engineering
IES.AIA.CRACK.SCREEN,Integrity Engineering
IES.AIA.ECA,Integrity Engineering
IES.AIA.ENGSUPPORT,Integrity Engineering
IES.AIA.GWA.T1,Integrity Engineering
IES.AIA.PPDA.DIGITAL,Integrity Engineering
IES.AIA.PPDA.PAPER,Integrity Engineering
IES.FIA.CGA,Integrity Engineering
IES.FIA.CRACK.FEA,Integrity Engineering
IES.FIA.CRACKFATIGUE,Integrity Engineering
IES.FIA.CRACKPROCOMP,Integrity Engineering
IES.FIA.CRACKSIGCOMP,Integrity Engineering
IES.FIA.DENTFAT.LVL2,Integrity Engineering
IES.FIA.DENTFAT.LVL3,Integrity Engineering
IES.FIA.FUTURE,Integrity Engineering
IES.FIA.GROWTHONLY,Integrity Engineering
IES.FIA.LINEMOVEMENT,Integrity Engineering
IES.FIA.ONERUN,Integrity Engineering
IES.FIA.RUNCOM,Integrity Engineering
IES.FIA.TWORUNS,Integrity Engineering
IES.IIA.BEND.STRAIN,Integrity Engineering
IES.IIA.CRACK.PR.ALL,Integrity Engineering
IES.IIA.CRACK.PR.PRO,Integrity Engineering
IES.IIA.CRACKPROFILE,Integrity Engineering
IES.IIA.CSCC,Integrity Engineering
IES.IIA.DENT.CODE,Integrity Engineering
IES.IIA.MLMFGDENT,Integrity Engineering
IES.IIA.PINHOLES,Integrity Engineering
IES.IIA.PPDA,Integrity Engineering
IES.IIA.PSQR,Integrity Engineering
IES.TRAINING,Integrity Engineering
IMU,Data Analysis
PCS,Data Analysis
PJC.CLASSIFICATION,Data Analysis
RUN COMPARISON,Data Analysis
SPC,Data Analysis
SSWC.CLASSIFICATION,Data Analysis
WRINKLEBEND.ANALYSIS,Data Analysis
XYZ Survey,Data Analysis
